Unit_No,SN,CP0,CP1,CP2,CP3,CP4,CP5,CP6,CP7
9,FVFHSA000780001JYP,Y,N,N,N,N,N,N,N
10,FVFHSA000750001JYP,Y,N,N,N,N,N,N,N
11,FVFHSA0006Q0001JYP,Y,N,N,N,N,N,N,N
12,FVFHSA0006Y0001JYP,Y,N,N,N,N,N,N,N
13,FVFHSA0007B0001JYP,Y,N,N,N,N,N,N,N
22,FVFHSA000870001JYP,Y,N,N,N,N,N,N,N
23,FVFHSA000830001JYP,Y,N,N,N,N,N,N,N
24,FVFHSA0007J0001JYP,Y,N,N,N,N,N,N,N
25,FVFHSA0007H0001JYP,Y,N,N,N,N,N,N,N
26,FVFHSA0007Y0001JYP,Y,N,N,N,N,N,N,N
27,FVFHSF0000K0001JYP,Y,N,N,N,N,N,N,N
28,FVFHSF0000M0001JYP,Y,N,N,N,N,N,N,N
29,FVFHSF0000L0001JYP,Y,N,N,N,N,N,N,N
30,FVFHSF0000P0001JYP,Y,N,N,N,N,N,N,N
34,FVFHSF000190001JYP,Y,N,N,N,N,N,N,N
35,FVFHSF000150001JYP,Y,N,N,N,N,N,N,N
36,FVFHSF000130001JYP,Y,N,N,N,N,N,N,N
37,FVFHSF0000Z0001JYP,Y,N,N,N,N,N,N,N
41,FVFHSL0004N0001JYP,Y,N,N,N,N,N,N,N
42,FVFHSL0004K0001JYP,Y,N,N,N,N,N,N,N
43,FVFHSL0004L0001JYP,Y,N,N,N,N,N,N,N
71,FVFHSL0004J0001JYP,Y,N,N,N,N,N,N,N
72,FVFHSL0004E0001JYP,Y,N,N,N,N,N,N,N
73,FVFHSL000480001JYP,Y,N,N,N,N,N,N,N
103,FVFHSF0001B0001JYP,Y,N,N,N,N,N,N,N
104,FVFHSF0001X0001JYP,Y,N,N,N,N,N,N,N
123,FVFHSF000470001JYP,Y,N,N,N,N,N,N,N
124,FVFHSF000460001JYP,Y,N,N,N,N,N,N,N
235,FVFHSL0006E0001JYP,Y,N,N,N,N,N,N,N
236,FVFHSL000650001JYP,Y,N,N,N,N,N,N,N
237,FVFHSL0005T0001JYP,Y,N,N,N,N,N,N,N
238,FVFHSL0005Y0001JYP,Y,N,N,N,N,N,N,N
239,FVFHSL0005X0001JYP,Y,N,N,N,N,N,N,N
54,FVFHSL000570001JYP,Y,N,N,N,N,N,N,N
55,FVFHSL000200001JYP,Y,N,N,N,N,N,N,N
95,FVFHSL000410001JYP,Y,N,N,N,N,N,N,N
96,FVFHSL0004A0001JYP,Y,N,N,N,N,N,N,N
141,FVFHSF0003T0001JYP,Y,N,N,N,N,N,N,N
142,FVFHSF0003Z0001JYP,Y,N,N,N,N,N,N,N
174,FVFHSF0004P0001JYP,Y,N,N,N,N,N,N,N
175,FVFHSF0004E0001JYP,Y,N,N,N,N,N,N,N
199,FVFHSF0002V0001JYP,Y,N,N,N,N,N,N,N
204,FVFHSF0001V0001JYP,Y,N,N,N,N,N,N,N
205,FVFHSF000230001JYP,Y,N,N,N,N,N,N,N
225,FVFHSF000170001JYP,Y,N,N,N,N,N,N,N
226,FVFHSF0000R0001JYP,Y,N,N,N,N,N,N,N
14,FVFHSA000770001JYP,Y,N,N,N,N,N,N,N
15,FVFHSA0006G0001JYP,Y,N,N,N,N,N,N,N
16,FVFHSA000700001JYP,Y,N,N,N,N,N,N,N
17,FVFHSA0006L0001JYP,Y,N,N,N,N,N,N,N
18,FVFHSA0006W0001JYP,Y,N,N,N,N,N,N,N
31,FVFHSF0000J0001JYP,Y,N,N,N,N,N,N,N
32,FVFHSF0000H0001JYP,Y,N,N,N,N,N,N,N
33,FVFHSF0000N0001JYP,Y,N,N,N,N,N,N,N
38,FVFHSF0000S0001JYP,Y,N,N,N,N,N,N,N
44,FVFHSL0004T0001JYP,Y,N,N,N,N,N,N,N
46,FVFHSL000510001JYP,Y,N,N,N,N,N,N,N
47,FVFHSL0004P0001JYP,Y,N,N,N,N,N,N,N
74,FVFHSL000400001JYP,Y,N,N,N,N,N,N,N
75,FVFHSL0004H0001JYP,Y,N,N,N,N,N,N,N
76,FVFHSL0003Y0001JYP,Y,N,N,N,N,N,N,N
105,FVFHSF0001H0001JYP,Y,N,N,N,N,N,N,N
106,FVFHSF000220001JYP,Y,N,N,N,N,N,N,N
125,FVFHSF000450001JYP,Y,N,N,N,N,N,N,N
126,FVFHSF0003S0001JYP,Y,N,N,N,N,N,N,N
153,FVFHSF0004T0001JYP,Y,N,N,N,N,N,N,N
154,FVFHSF0004V0001JYP,Y,N,N,N,N,N,N,N
155,FVFHSF0004U0001JYP,Y,N,N,N,N,N,N,N
156,FVFHSF0004W0001JYP,Y,N,N,N,N,N,N,N
157,FVFHSF0004S0001JYP,Y,N,N,N,N,N,N,N
178,FVFHSF0002W0001JYP,Y,N,N,N,N,N,N,N
210,FVFHSF000160001JYP,Y,N,N,N,N,N,N,N
211,FVFHSF0003G0001JYP,Y,N,N,N,N,N,N,N
212,FVFHSF000390001JYP,Y,N,N,N,N,N,N,N
240,FVFHSL000670001JYP,Y,N,N,N,N,N,N,N
241,FVFHSL0006H0001JYP,Y,N,N,N,N,N,N,N
242,FVFHSL0006D0001JYP,Y,N,N,N,N,N,N,N
243,FVFHSL0006A0001JYP,Y,N,N,N,N,N,N,N
244,FVFHSL0005N0001JYP,Y,N,N,N,N,N,N,N
19,FVFHSA000760001JYP,Y,N,N,N,N,N,N,N
20,FVFHSA0007E0001JYP,Y,N,N,N,N,N,N,N
48,FVFHSL0004S0001JYP,Y,N,N,N,N,N,N,N
51,FVFHSL0005F0001JYP,Y,N,N,N,N,N,N,N
79,FVFHSL0004C0001JYP,Y,N,N,N,N,N,N,N
82,FVFHSL0004F0001JYP,Y,N,N,N,N,N,N,N
107,FVFHSF0001P0001JYP,Y,N,N,N,N,N,N,N
108,FVFHSF0001L0001JYP,Y,N,N,N,N,N,N,N
127,FVFHSF0003V0001JYP,Y,N,N,N,N,N,N,N
128,FVFHSF0003Q0001JYP,Y,N,N,N,N,N,N,N
158,FVFHSF0004X0001JYP,Y,N,N,N,N,N,N,N
159,FVFHSF0004Y0001JYP,Y,N,N,N,N,N,N,N
179,FVFHSF000330001JYP,Y,N,N,N,N,N,N,N
180,FVFHSF0002N0001JYP,Y,N,N,N,N,N,N,N
213,FVFHSF0003F0001JYP,Y,N,N,N,N,N,N,N
214,FVFHSF0003A0001JYP,Y,N,N,N,N,N,N,N
245,FVFHSL0005P0001JYP,Y,N,N,N,N,N,N,N
246,FVFHSL000690001JYP,Y,N,N,N,N,N,N,N
21,FVFHSA0006U0001JYP,Y,N,N,N,N,N,N,
52,FVFHSL000590001JYP,Y,N,N,N,N,N,N,
53,FVFHSL0004M0001JYP,Y,N,N,N,N,N,N,
83,FVFHSL000440001JYP,Y,N,N,N,N,N,N,
85,FVFHSL0003Z0001JYP,Y,N,N,N,N,N,N,
109,FVFHSF0001C0001JYP,Y,N,N,N,N,N,N,
110,FVFHSF0001E0001JYP,Y,N,N,N,N,N,N,
129,FVFHSF0003P0001JYP,Y,N,N,N,N,N,N,
130,FVFHSF0003W0001JYP,Y,N,N,N,N,N,N,
160,FVFHSF0004R0001JYP,Y,N,N,N,N,N,N,
161,FVFHSF0004Q0001JYP,Y,N,N,N,N,N,N,
163,FVFHSF0004K0001JYP,Y,N,N,N,N,N,N,
181,FVFHSF0002L0001JYP,Y,N,N,N,N,N,N,
182,FVFHSF0002U0001JYP,Y,N,N,N,N,N,N,
215,FVFHSF0003C0001JYP,Y,N,N,N,N,N,N,
216,FVFHSF0003H0001JYP,Y,N,N,N,N,N,N,
247,FVFHSL0005U0001JYP,Y,N,N,N,N,N,N,
248,FVFHSL0005Q0001JYP,Y,N,N,N,N,N,N,
57,FVFHSL0004R0001JYP,Y,N,N,N,N,N,,
58,FVFHSL0004V0001JYP,Y,N,N,N,N,N,,
97,FVFHSL000490001JYP,Y,N,N,N,N,N,,
143,FVFHSF0003K0001JYP,Y,N,N,N,N,N,,
144,FVFHSF0003U0001JYP,Y,N,N,N,N,N,,
162,FVFHSF0004Z0001JYP,Y,N,N,N,N,N,,
176,FVFHSF0004D0001JYP,Y,N,N,N,N,N,,
177,FVFHSF0004L0001JYP,Y,N,N,N,N,N,,
206,FVFHSF0001G0001JYP,Y,N,N,N,N,N,,
207,FVFHSF0001Q0001JYP,Y,N,N,N,N,N,,
227,FVFHSF000120001JYP,Y,N,N,N,N,N,,
249,FVFHSL000640001JYP,Y,N,N,N,N,N,,
60,FVFHSL000580001JYP,Y,N,N,N,N,,,
63,FVFHSL000540001JYP,Y,N,N,N,N,,,
98,FVFHSL000430001JYP,Y,N,N,N,N,,,
145,FVFHSF0003X0001JYP,Y,N,N,N,N,,,
146,FVFHSF000440001JYP,Y,N,N,N,N,,,
208,FVFHSF000200001JYP,Y,N,N,N,N,,,
209,FVFHSF0001F0001JYP,Y,N,N,N,N,,,
228,FVFHSF000110001JYP,Y,N,N,N,N,,,
39,FVFHSL0005B0001JYP,Y,N,N,N,N,N,N,N
40,FVFHSL0005D0001JYP,Y,N,N,N,N,N,N,N
164,FVFHSF000490001JYP,Y,N,N,N,N,N,N,N
165,FVFHSF0004N0001JYP,Y,N,N,N,N,N,N,N
166,FVFHSF0004C0001JYP,Y,N,N,N,N,N,N,N
167,FVFHSF0004B0001JYP,Y,N,N,N,N,N,N,N
217,FVFHSF0003E0001JYP,Y,N,N,N,N,N,N,N
218,FVFHSF0003D0001JYP,Y,Y,N,N,N,N,N,N
77,FVFHSL0003M0001JYP,Y,N,N,N,N,N,,
78,FVFHSL0003R0001JYP,Y,N,N,N,N,N,,
111,FVFHSF0001J0001JYP,Y,N,N,N,N,N,,
112,FVFHSF0001U0001JYP,Y,N,N,N,N,N,,
131,FVFHSF0003R0001JYP,Y,N,N,N,N,N,,
183,FVFHSF0002Q0001JYP,Y,N,N,N,N,N,,
184,FVFHSF000340001JYP,Y,N,N,N,N,N,,
80,FVFHSL0003X0001JYP,Y,N,N,N,N,N,,
81,FVFHSL0004B0001JYP,Y,N,N,N,N,N,,
113,FVFHSF0001K0001JYP,Y,N,N,N,N,N,,
114,FVFHSF0001Y0001JYP,Y,N,N,N,N,N,,
132,FVFHSF0003J0001JYP,Y,N,N,N,N,N,,
185,FVFHSF0002T0001JYP,Y,N,N,N,N,N,,
186,FVFHSF000370001JYP,Y,N,N,N,N,N,,
84,FVFHSL0003W0001JYP,Y,N,N,N,N,N,,
87,FVFHSL0003N0001JYP,Y,N,N,N,N,N,,
115,FVFHSF0001R0001JYP,Y,N,N,N,N,N,,
116,FVFHSF000240001JYP,Y,N,N,N,N,N,,
133,FVFHSF0003M0001JYP,Y,N,N,N,N,N,,
187,FVFHSF000320001JYP,Y,N,N,N,N,N,,
188,FVFHSF0002Z0001JYP,Y,N,N,N,N,N,,
89,FVFHSL0003V0001JYP,Y,N,N,N,N,N,N,N
91,FVFHSL0004G0001JYP,Y,N,N,N,N,N,N,N
117,FVFHSF0001S0001JYP,Y,N,N,N,N,N,N,N
118,FVFHSF0001M0001JYP,Y,N,N,N,N,N,N,N
134,FVFHSF0003Y0001JYP,Y,N,N,N,N,N,N,N
189,FVFHSF0002M0001JYP,Y,N,N,N,N,N,N,N
190,FVFHSF0002R0001JYP,Y,N,N,N,N,N,N,N
92,FVFHSL0003P0001JYP,Y,N,N,N,N,N,N,N
94,FVFHSL0003S0001JYP,Y,N,N,N,N,N,N,N
119,FVFHSF000210001JYP,Y,N,N,N,N,N,N,N
120,FVFHSF000250001JYP,Y,N,N,N,N,N,N,N
135,FVFHSF000430001JYP,Y,N,N,N,N,N,N,N
191,FVFHSF000310001JYP,Y,N,N,N,N,N,N,N
192,FVFHSF0002P0001JYP,Y,N,N,N,N,N,N,N
99,FVFHSL0003T0001JYP,Y,N,N,N,N,N,N,N
100,FVFHSL0003Q0001JYP,Y,N,N,N,N,N,N,N
121,FVFHSF0001A0001JYP,Y,N,N,N,N,N,N,N
122,FVFHSF0001D0001JYP,Y,N,N,N,N,N,N,N
136,FVFHSF0003L0001JYP,Y,N,N,N,N,N,N,N
193,FVFHSF000360001JYP,Y,N,N,N,N,N,N,N
194,FVFHSF000350001JYP,Y,N,N,N,N,N,N,N
45,FVFHSL0005A0001JYP,Y,N,N,N,,,,
49,FVFHSL0004X0001JYP,Y,N,N,N,,,,
50,FVFHSL0004W0001JYP,Y,N,N,N,,,,
168,FVFHSF0004G0001JYP,Y,N,N,N,,,,
169,FVFHSF0004A0001JYP,Y,N,N,N,,,,
170,FVFHSF0004J0001JYP,Y,N,N,N,,,,
219,FVFHSF000380001JYP,Y,N,N,N,,,,
220,FVFHSF0003B0001JYP,Y,N,N,N,,,,
221,FVFHSF0000W0001JYP,Y,N,N,N,,,,
56,FVFHSL0004Y0001JYP,Y,N,N,N,,,,
59,FVFHSL0004Z0001JYP,Y,N,Y,N,,,,
171,FVFHSF0004H0001JYP,Y,N,N,N,,,,
172,FVFHSF0004M0001JYP,Y,N,N,N,,,,
223,FVFHSF000100001JYP,Y,N,N,N,,,,
231,FVFHSF0000V0001JYP,Y,N,N,N,,,,
61,FVFHSL000500001JYP,Y,N,N,N,,,,
173,FVFHSF0004F0001JYP,Y,N,N,N,,,,
224,FVFHSF0000Q0001JYP,Y,N,N,N,,,,
86,FVFHSL000420001JYP,Y,N,N,N,N,N,N,
88,FVFHSL000470001JYP,Y,N,N,N,N,N,N,
137,FVFHSF000410001JYP,Y,N,N,N,N,N,N,
138,FVFHSF0003N0001JYP,Y,N,N,N,N,N,N,
195,FVFHSF0002Y0001JYP,Y,N,N,N,N,N,N,
196,FVFHSF000300001JYP,Y,N,N,N,N,N,N,
200,FVFHSF0001Z0001JYP,Y,N,N,N,N,N,N,
201,FVFHSF0001N0001JYP,Y,N,N,N,N,N,N,
90,FVFHSL000460001JYP,Y,N,N,N,N,N,N,N
93,FVFHSL0003U0001JYP,Y,N,N,N,N,N,N,N
139,FVFHSF000400001JYP,Y,N,N,N,N,N,N,N
140,FVFHSF000480001JYP,Y,N,N,N,N,N,N,N
197,FVFHSF0002X0001JYP,Y,N,N,N,N,N,N,N
198,FVFHSF0002S0001JYP,Y,N,N,N,N,N,N,N
202,FVFHSF0001W0001JYP,Y,N,N,N,N,N,N,N
203,FVFHSF0001T0001JYP,Y,N,N,N,N,N,N,N
64,FVFHSL0004U0001JYP,Y,N,N,N,N,N,N,N
65,FVFHSL000550001JYP,Y,N,N,N,N,N,N,N
101,FVFHSL000450001JYP,Y,N,N,N,N,N,N,N
102,FVFHSL0004D0001JYP,Y,N,N,N,N,N,N,N
147,FVFHSF000270001JYP,Y,N,N,N,N,N,N,N
148,FVFHSF000420001JYP,Y,N,N,N,N,N,N,N
229,FVFHSF000180001JYP,Y,N,N,N,N,N,N,N
230,FVFHSF0000X0001JYP,Y,N,N,N,N,N,N,N
62,FVFHSL000560001JYP,Y,N,N,,,,,
67,FVFHSL0005G0001JYP,Y,N,N,,,,,
149,FVFHSF000290001JYP,Y,N,N,,,,,
150,FVFHSF0002A0001JYP,Y,N,N,,,,,
222,FVFHSF0000Y0001JYP,Y,N,N,,,,,
232,FVFHSF000140001JYP,Y,N,N,,,,,
